sensor_id;sensor_type;location;lat;lon;timestamp;P1;durP1;ratioP1;P2;durP2;ratioP2
12253;SDS011;6189;52.527;13.390;2018-04-12T00:00:58;31.10;;;26.03;;
12253;SDS011;6189;52.527;13.390;2018-04-12T00:03:24;35.07;;;27.60;;
12253;SDS011;6189;52.527;13.390;2018-04-12T00:05:51;31.17;;;27.50;;
12253;SDS011;6189;52.527;13.390;2018-04-12T00:08:18;32.47;;;26.87;;
12253;SDS011;6189;52.527;13.390;2018-04-12T00:10:44;31.80;;;27.07;;
12253;SDS011;6189;52.527;13.390;2018-04-12T00:13:12;33.43;;;29.33;;
12253;SDS011;6189;52.527;13.390;2018-04-12T00:15:38;28.67;;;25.47;;
12253;SDS011;6189;52.527;13.390;2018-04-12T00:18:05;29.23;;;26.00;;
12253;SDS011;6189;52.527;13.390;2018-04-12T00:20:32;29.83;;;26.60;;
12253;SDS011;6189;52.527;13.390;2018-04-12T00:22:58;30.20;;;26.90;;
12253;SDS011;6189;52.527;13.390;2018-04-12T00:25:25;33.73;;;27.77;;
12253;SDS011;6189;52.527;13.390;2018-04-12T00:27:51;31.80;;;27.80;;
12253;SDS011;6189;52.527;13.390;2018-04-12T00:30:20;31.77;;;27.73;;
12253;SDS011;6189;52.527;13.390;2018-04-12T00:32:46;34.20;;;27.30;;
12253;SDS011;6189;52.527;13.390;2018-04-12T00:35:13;35.60;;;28.17;;
12253;SDS011;6189;52.527;13.390;2018-04-12T00:37:40;31.77;;;28.20;;
12253;SDS011;6189;52.527;13.390;2018-04-12T00:40:07;35.93;;;30.27;;
12253;SDS011;6189;52.527;13.390;2018-04-12T00:42:35;33.57;;;27.87;;
12253;SDS011;6189;52.527;13.390;2018-04-12T00:45:02;32.07;;;27.17;;
12253;SDS011;6189;52.527;13.390;2018-04-12T00:47:29;42.07;;;27.83;;
12253;SDS011;6189;52.527;13.390;2018-04-12T00:49:56;30.17;;;25.87;;
12253;SDS011;6189;52.527;13.390;2018-04-12T00:52:23;33.33;;;29.47;;
12253;SDS011;6189;52.527;13.390;2018-04-12T00:54:50;36.63;;;28.13;;
12253;SDS011;6189;52.527;13.390;2018-04-12T00:57:17;32.17;;;28.23;;
12253;SDS011;6189;52.527;13.390;2018-04-12T00:59:44;34.77;;;29.30;;
12253;SDS011;6189;52.527;13.390;2018-04-12T01:02:12;31.57;;;26.77;;
12253;SDS011;6189;52.527;13.390;2018-04-12T01:04:38;30.93;;;26.73;;
12253;SDS011;6189;52.527;13.390;2018-04-12T01:07:05;29.87;;;26.53;;
12253;SDS011;6189;52.527;13.390;2018-04-12T01:09:32;31.97;;;28.40;;
12253;SDS011;6189;52.527;13.390;2018-04-12T01:11:59;31.70;;;27.40;;
12253;SDS011;6189;52.527;13.390;2018-04-12T01:14:26;39.77;;;30.47;;
12253;SDS011;6189;52.527;13.390;2018-04-12T01:16:53;33.80;;;28.90;;
12253;SDS011;6189;52.527;13.390;2018-04-12T01:19:20;33.03;;;28.33;;
12253;SDS011;6189;52.527;13.390;2018-04-12T01:21:47;39.67;;;29.97;;
12253;SDS011;6189;52.527;13.390;2018-04-12T01:24:15;34.57;;;28.27;;
12253;SDS011;6189;52.527;13.390;2018-04-12T01:26:40;34.47;;;27.90;;
12253;SDS011;6189;52.527;13.390;2018-04-12T01:29:06;34.57;;;29.10;;
12253;SDS011;6189;52.527;13.390;2018-04-12T01:31:33;32.60;;;25.50;;
12253;SDS011;6189;52.527;13.390;2018-04-12T01:34:00;35.30;;;30.50;;
12253;SDS011;6189;52.527;13.390;2018-04-12T01:36:28;32.80;;;29.07;;
12253;SDS011;6189;52.527;13.390;2018-04-12T01:38:55;33.93;;;26.20;;
12253;SDS011;6189;52.527;13.390;2018-04-12T01:41:21;31.23;;;27.93;;
12253;SDS011;6189;52.527;13.390;2018-04-12T01:43:48;33.33;;;27.07;;
12253;SDS011;6189;52.527;13.390;2018-04-12T01:46:15;30.73;;;26.43;;
12253;SDS011;6189;52.527;13.390;2018-04-12T01:48:42;30.20;;;26.90;;
12253;SDS011;6189;52.527;13.390;2018-04-12T01:51:08;35.07;;;28.83;;
12253;SDS011;6189;52.527;13.390;2018-04-12T01:53:35;36.33;;;28.20;;
12253;SDS011;6189;52.527;13.390;2018-04-12T01:56:02;31.50;;;27.63;;
12253;SDS011;6189;52.527;13.390;2018-04-12T01:58:28;30.97;;;27.33;;
12253;SDS011;6189;52.527;13.390;2018-04-12T02:00:55;33.43;;;26.47;;
12253;SDS011;6189;52.527;13.390;2018-04-12T02:03:21;33.10;;;28.03;;
12253;SDS011;6189;52.527;13.390;2018-04-12T02:05:48;36.17;;;29.63;;
12253;SDS011;6189;52.527;13.390;2018-04-12T02:08:15;34.00;;;28.27;;
12253;SDS011;6189;52.527;13.390;2018-04-12T02:10:42;31.07;;;26.70;;
12253;SDS011;6189;52.527;13.390;2018-04-12T02:13:09;36.93;;;29.27;;
12253;SDS011;6189;52.527;13.390;2018-04-12T02:15:36;32.57;;;28.90;;
12253;SDS011;6189;52.527;13.390;2018-04-12T02:18:03;36.97;;;29.87;;
12253;SDS011;6189;52.527;13.390;2018-04-12T02:20:30;34.80;;;29.57;;
12253;SDS011;6189;52.527;13.390;2018-04-12T02:22:56;36.30;;;29.47;;
12253;SDS011;6189;52.527;13.390;2018-04-12T02:25:24;30.73;;;26.90;;
12253;SDS011;6189;52.527;13.390;2018-04-12T02:27:51;34.20;;;29.83;;
12253;SDS011;6189;52.527;13.390;2018-04-12T02:30:18;36.47;;;29.80;;
12253;SDS011;6189;52.527;13.390;2018-04-12T02:32:44;32.43;;;27.00;;
12253;SDS011;6189;52.527;13.390;2018-04-12T02:35:11;33.63;;;28.27;;
12253;SDS011;6189;52.527;13.390;2018-04-12T02:37:38;36.50;;;28.90;;
12253;SDS011;6189;52.527;13.390;2018-04-12T02:40:06;34.40;;;29.37;;
12253;SDS011;6189;52.527;13.390;2018-04-12T02:42:32;35.97;;;29.13;;
12253;SDS011;6189;52.527;13.390;2018-04-12T02:44:59;32.23;;;26.27;;
12253;SDS011;6189;52.527;13.390;2018-04-12T02:47:26;37.37;;;31.40;;
12253;SDS011;6189;52.527;13.390;2018-04-12T02:49:53;34.40;;;27.27;;
12253;SDS011;6189;52.527;13.390;2018-04-12T02:52:20;37.33;;;29.37;;
12253;SDS011;6189;52.527;13.390;2018-04-12T02:54:47;32.50;;;27.73;;
12253;SDS011;6189;52.527;13.390;2018-04-12T02:57:13;33.67;;;29.60;;
12253;SDS011;6189;52.527;13.390;2018-04-12T02:59:40;31.53;;;27.80;;
12253;SDS011;6189;52.527;13.390;2018-04-12T03:02:07;37.33;;;31.57;;
12253;SDS011;6189;52.527;13.390;2018-04-12T03:04:33;33.40;;;29.80;;
12253;SDS011;6189;52.527;13.390;2018-04-12T03:07:00;32.80;;;27.63;;
12253;SDS011;6189;52.527;13.390;2018-04-12T03:09:26;35.03;;;29.77;;
12253;SDS011;6189;52.527;13.390;2018-04-12T03:11:54;33.87;;;29.27;;
12253;SDS011;6189;52.527;13.390;2018-04-12T03:14:21;34.33;;;29.07;;
12253;SDS011;6189;52.527;13.390;2018-04-12T03:16:48;38.20;;;31.47;;
12253;SDS011;6189;52.527;13.390;2018-04-12T03:19:16;39.03;;;33.00;;
12253;SDS011;6189;52.527;13.390;2018-04-12T03:21:43;38.13;;;30.23;;
12253;SDS011;6189;52.527;13.390;2018-04-12T03:24:09;33.57;;;29.90;;
12253;SDS011;6189;52.527;13.390;2018-04-12T03:26:36;34.37;;;29.50;;
12253;SDS011;6189;52.527;13.390;2018-04-12T03:29:03;35.10;;;28.90;;
12253;SDS011;6189;52.527;13.390;2018-04-12T03:31:29;33.80;;;29.87;;
12253;SDS011;6189;52.527;13.390;2018-04-12T03:33:56;35.27;;;28.37;;
12253;SDS011;6189;52.527;13.390;2018-04-12T03:36:22;31.50;;;27.90;;
12253;SDS011;6189;52.527;13.390;2018-04-12T03:38:49;36.83;;;30.80;;
12253;SDS011;6189;52.527;13.390;2018-04-12T03:41:16;38.40;;;33.07;;
12253;SDS011;6189;52.527;13.390;2018-04-12T03:43:43;37.17;;;30.37;;
12253;SDS011;6189;52.527;13.390;2018-04-12T03:46:10;39.73;;;34.43;;
12253;SDS011;6189;52.527;13.390;2018-04-12T03:48:36;41.50;;;32.80;;
12253;SDS011;6189;52.527;13.390;2018-04-12T03:51:03;38.43;;;32.20;;
12253;SDS011;6189;52.527;13.390;2018-04-12T03:53:30;39.10;;;34.33;;
12253;SDS011;6189;52.527;13.390;2018-04-12T03:55:56;39.90;;;32.50;;
12253;SDS011;6189;52.527;13.390;2018-04-12T03:58:23;38.50;;;34.37;;
12253;SDS011;6189;52.527;13.390;2018-04-12T04:00:50;39.20;;;30.53;;
12253;SDS011;6189;52.527;13.390;2018-04-12T04:03:18;38.77;;;30.27;;
12253;SDS011;6189;52.527;13.390;2018-04-12T04:05:44;38.03;;;33.93;;
12253;SDS011;6189;52.527;13.390;2018-04-12T04:08:11;39.33;;;33.17;;
12253;SDS011;6189;52.527;13.390;2018-04-12T04:10:38;35.97;;;30.97;;
12253;SDS011;6189;52.527;13.390;2018-04-12T04:13:04;40.13;;;34.00;;
12253;SDS011;6189;52.527;13.390;2018-04-12T04:21:08;39.70;;;31.97;;
12253;SDS011;6189;52.527;13.390;2018-04-12T04:23:34;36.10;;;32.23;;
12253;SDS011;6189;52.527;13.390;2018-04-12T04:26:01;35.37;;;30.53;;
12253;SDS011;6189;52.527;13.390;2018-04-12T04:28:28;34.30;;;30.67;;
12253;SDS011;6189;52.527;13.390;2018-04-12T04:30:55;34.77;;;30.63;;
12253;SDS011;6189;52.527;13.390;2018-04-12T04:33:21;36.50;;;31.77;;
12253;SDS011;6189;52.527;13.390;2018-04-12T04:35:48;35.20;;;31.43;;
12253;SDS011;6189;52.527;13.390;2018-04-12T04:38:14;36.27;;;31.17;;
12253;SDS011;6189;52.527;13.390;2018-04-12T04:40:42;36.90;;;30.27;;
12253;SDS011;6189;52.527;13.390;2018-04-12T04:43:08;43.30;;;35.93;;
12253;SDS011;6189;52.527;13.390;2018-04-12T04:45:35;35.03;;;31.27;;
12253;SDS011;6189;52.527;13.390;2018-04-12T04:48:02;37.03;;;33.07;;
12253;SDS011;6189;52.527;13.390;2018-04-12T04:50:29;36.20;;;32.30;;
12253;SDS011;6189;52.527;13.390;2018-04-12T04:52:56;38.60;;;33.50;;
12253;SDS011;6189;52.527;13.390;2018-04-12T04:55:23;36.07;;;32.17;;
12253;SDS011;6189;52.527;13.390;2018-04-12T04:57:50;35.43;;;31.63;;
12253;SDS011;6189;52.527;13.390;2018-04-12T05:00:17;40.97;;;33.87;;
12253;SDS011;6189;52.527;13.390;2018-04-12T05:02:43;36.00;;;31.37;;
12253;SDS011;6189;52.527;13.390;2018-04-12T05:05:10;37.33;;;33.33;;
12253;SDS011;6189;52.527;13.390;2018-04-12T05:07:37;40.10;;;34.93;;
12253;SDS011;6189;52.527;13.390;2018-04-12T05:10:05;37.40;;;32.30;;
12253;SDS011;6189;52.527;13.390;2018-04-12T05:12:31;37.93;;;32.27;;
12253;SDS011;6189;52.527;13.390;2018-04-12T05:14:59;34.33;;;30.63;;
12253;SDS011;6189;52.527;13.390;2018-04-12T05:17:25;35.90;;;31.23;;
12253;SDS011;6189;52.527;13.390;2018-04-12T05:19:52;34.77;;;30.50;;
12253;SDS011;6189;52.527;13.390;2018-04-12T05:22:19;35.60;;;31.83;;
12253;SDS011;6189;52.527;13.390;2018-04-12T05:24:45;32.53;;;29.00;;
12253;SDS011;6189;52.527;13.390;2018-04-12T05:27:12;35.97;;;28.60;;
12253;SDS011;6189;52.527;13.390;2018-04-12T05:29:39;34.07;;;30.47;;
12253;SDS011;6189;52.527;13.390;2018-04-12T05:32:06;33.70;;;30.10;;
12253;SDS011;6189;52.527;13.390;2018-04-12T05:34:33;33.87;;;27.87;;
12253;SDS011;6189;52.527;13.390;2018-04-12T05:36:59;37.07;;;29.13;;
12253;SDS011;6189;52.527;13.390;2018-04-12T05:39:26;36.67;;;31.03;;
12253;SDS011;6189;52.527;13.390;2018-04-12T05:41:53;33.47;;;29.43;;
12253;SDS011;6189;52.527;13.390;2018-04-12T05:44:20;35.47;;;31.40;;
12253;SDS011;6189;52.527;13.390;2018-04-12T05:46:47;35.00;;;30.60;;
12253;SDS011;6189;52.527;13.390;2018-04-12T05:49:13;33.00;;;29.40;;
12253;SDS011;6189;52.527;13.390;2018-04-12T05:51:40;34.17;;;30.57;;
12253;SDS011;6189;52.527;13.390;2018-04-12T05:54:06;31.80;;;28.23;;
12253;SDS011;6189;52.527;13.390;2018-04-12T05:56:34;32.13;;;28.70;;
12253;SDS011;6189;52.527;13.390;2018-04-12T05:59:01;34.03;;;30.13;;
12253;SDS011;6189;52.527;13.390;2018-04-12T06:01:30;34.30;;;30.00;;
12253;SDS011;6189;52.527;13.390;2018-04-12T06:03:58;31.83;;;28.27;;
12253;SDS011;6189;52.527;13.390;2018-04-12T06:06:25;31.07;;;27.83;;
12253;SDS011;6189;52.527;13.390;2018-04-12T06:08:51;33.60;;;28.47;;
12253;SDS011;6189;52.527;13.390;2018-04-12T06:11:18;30.83;;;27.57;;
12253;SDS011;6189;52.527;13.390;2018-04-12T06:13:46;32.70;;;29.17;;
12253;SDS011;6189;52.527;13.390;2018-04-12T06:16:13;36.63;;;30.20;;
12253;SDS011;6189;52.527;13.390;2018-04-12T06:18:40;31.07;;;26.87;;
12253;SDS011;6189;52.527;13.390;2018-04-12T06:21:07;35.83;;;31.97;;
12253;SDS011;6189;52.527;13.390;2018-04-12T06:23:35;38.90;;;31.00;;
12253;SDS011;6189;52.527;13.390;2018-04-12T06:26:01;32.37;;;28.67;;
12253;SDS011;6189;52.527;13.390;2018-04-12T06:28:37;33.63;;;28.53;;
12253;SDS011;6189;52.527;13.390;2018-04-12T06:31:04;30.80;;;27.60;;
12253;SDS011;6189;52.527;13.390;2018-04-12T06:33:30;31.23;;;26.07;;
12253;SDS011;6189;52.527;13.390;2018-04-12T06:35:57;28.80;;;25.67;;
12253;SDS011;6189;52.527;13.390;2018-04-12T06:38:25;30.43;;;26.67;;
12253;SDS011;6189;52.527;13.390;2018-04-12T06:40:55;28.30;;;24.63;;
12253;SDS011;6189;52.527;13.390;2018-04-12T06:43:22;29.50;;;25.63;;
12253;SDS011;6189;52.527;13.390;2018-04-12T06:45:50;28.80;;;25.17;;
12253;SDS011;6189;52.527;13.390;2018-04-12T06:48:20;27.97;;;25.13;;
12253;SDS011;6189;52.527;13.390;2018-04-12T06:50:47;30.43;;;25.10;;
12253;SDS011;6189;52.527;13.390;2018-04-12T06:53:14;33.57;;;25.50;;
12253;SDS011;6189;52.527;13.390;2018-04-12T06:55:41;28.53;;;22.93;;
12253;SDS011;6189;52.527;13.390;2018-04-12T06:58:08;31.93;;;24.30;;
12253;SDS011;6189;52.527;13.390;2018-04-12T07:00:35;28.40;;;24.23;;
12253;SDS011;6189;52.527;13.390;2018-04-12T07:03:02;26.97;;;23.10;;
12253;SDS011;6189;52.527;13.390;2018-04-12T07:05:30;23.93;;;21.37;;
12253;SDS011;6189;52.527;13.390;2018-04-12T07:07:57;26.70;;;23.67;;
12253;SDS011;6189;52.527;13.390;2018-04-12T07:10:24;29.40;;;22.53;;
12253;SDS011;6189;52.527;13.390;2018-04-12T07:12:51;28.30;;;23.43;;
12253;SDS011;6189;52.527;13.390;2018-04-12T07:15:19;26.10;;;21.93;;
12253;SDS011;6189;52.527;13.390;2018-04-12T07:17:46;26.93;;;23.17;;
12253;SDS011;6189;52.527;13.390;2018-04-12T07:20:13;24.10;;;21.23;;
12253;SDS011;6189;52.527;13.390;2018-04-12T07:22:40;26.23;;;23.43;;
12253;SDS011;6189;52.527;13.390;2018-04-12T07:25:06;29.03;;;22.27;;
12253;SDS011;6189;52.527;13.390;2018-04-12T07:27:34;26.77;;;20.87;;
12253;SDS011;6189;52.527;13.390;2018-04-12T07:30:00;24.23;;;20.63;;
12253;SDS011;6189;52.527;13.390;2018-04-12T07:32:27;30.07;;;21.23;;
12253;SDS011;6189;52.527;13.390;2018-04-12T07:35:01;26.13;;;20.50;;
12253;SDS011;6189;52.527;13.390;2018-04-12T07:37:28;23.90;;;20.50;;
12253;SDS011;6189;52.527;13.390;2018-04-12T07:39:55;26.30;;;21.93;;
12253;SDS011;6189;52.527;13.390;2018-04-12T07:42:22;23.93;;;20.63;;
12253;SDS011;6189;52.527;13.390;2018-04-12T07:44:49;23.10;;;20.23;;
12253;SDS011;6189;52.527;13.390;2018-04-12T07:47:15;25.27;;;20.47;;
12253;SDS011;6189;52.527;13.390;2018-04-12T07:49:42;25.17;;;20.07;;
12253;SDS011;6189;52.527;13.390;2018-04-12T07:52:09;22.37;;;19.97;;
12253;SDS011;6189;52.527;13.390;2018-04-12T07:54:36;29.67;;;21.33;;
12253;SDS011;6189;52.527;13.390;2018-04-12T07:57:03;23.50;;;19.70;;
12253;SDS011;6189;52.527;13.390;2018-04-12T07:59:32;24.80;;;19.87;;
12253;SDS011;6189;52.527;13.390;2018-04-12T08:01:59;28.30;;;19.90;;
12253;SDS011;6189;52.527;13.390;2018-04-12T08:04:29;25.73;;;18.87;;
12253;SDS011;6189;52.527;13.390;2018-04-12T08:06:57;24.37;;;19.57;;
12253;SDS011;6189;52.527;13.390;2018-04-12T08:09:27;21.13;;;19.00;;
12253;SDS011;6189;52.527;13.390;2018-04-12T08:11:54;26.13;;;19.00;;
12253;SDS011;6189;52.527;13.390;2018-04-12T08:14:21;25.57;;;20.10;;
12253;SDS011;6189;52.527;13.390;2018-04-12T08:16:48;22.43;;;20.03;;
12253;SDS011;6189;52.527;13.390;2018-04-12T08:19:16;25.50;;;20.43;;
12253;SDS011;6189;52.527;13.390;2018-04-12T08:21:42;22.77;;;18.07;;
12253;SDS011;6189;52.527;13.390;2018-04-12T08:24:13;24.30;;;19.43;;
12253;SDS011;6189;52.527;13.390;2018-04-12T08:26:40;23.40;;;19.63;;
12253;SDS011;6189;52.527;13.390;2018-04-12T08:29:08;24.27;;;18.43;;
12253;SDS011;6189;52.527;13.390;2018-04-12T08:31:34;23.30;;;19.30;;
12253;SDS011;6189;52.527;13.390;2018-04-12T08:34:01;20.47;;;18.37;;
12253;SDS011;6189;52.527;13.390;2018-04-12T08:36:30;21.83;;;18.00;;
12253;SDS011;6189;52.527;13.390;2018-04-12T08:38:57;20.40;;;18.23;;
12253;SDS011;6189;52.527;13.390;2018-04-12T08:41:25;20.70;;;18.63;;
12253;SDS011;6189;52.527;13.390;2018-04-12T08:43:52;21.07;;;17.07;;
12253;SDS011;6189;52.527;13.390;2018-04-12T08:46:19;23.30;;;18.50;;
12253;SDS011;6189;52.527;13.390;2018-04-12T08:48:47;19.63;;;17.53;;
12253;SDS011;6189;52.527;13.390;2018-04-12T08:51:15;19.93;;;17.63;;
12253;SDS011;6189;52.527;13.390;2018-04-12T08:53:43;23.23;;;18.47;;
12253;SDS011;6189;52.527;13.390;2018-04-12T08:56:09;21.20;;;18.30;;
12253;SDS011;6189;52.527;13.390;2018-04-12T08:58:39;25.70;;;18.00;;
12253;SDS011;6189;52.527;13.390;2018-04-12T09:01:06;19.43;;;16.97;;
12253;SDS011;6189;52.527;13.390;2018-04-12T09:03:34;20.47;;;18.27;;
12253;SDS011;6189;52.527;13.390;2018-04-12T09:06:00;20.80;;;16.60;;
12253;SDS011;6189;52.527;13.390;2018-04-12T09:08:31;23.80;;;18.23;;
12253;SDS011;6189;52.527;13.390;2018-04-12T09:10:57;19.27;;;17.27;;
12253;SDS011;6189;52.527;13.390;2018-04-12T09:13:24;19.00;;;16.50;;
12253;SDS011;6189;52.527;13.390;2018-04-12T09:15:52;22.47;;;18.27;;
12253;SDS011;6189;52.527;13.390;2018-04-12T09:18:19;19.90;;;17.23;;
12253;SDS011;6189;52.527;13.390;2018-04-12T09:20:47;20.97;;;17.90;;
12253;SDS011;6189;52.527;13.390;2018-04-12T09:23:15;24.93;;;18.87;;
12253;SDS011;6189;52.527;13.390;2018-04-12T09:25:48;20.40;;;18.23;;
12253;SDS011;6189;52.527;13.390;2018-04-12T09:28:15;18.13;;;16.20;;
12253;SDS011;6189;52.527;13.390;2018-04-12T09:30:42;20.07;;;16.73;;
12253;SDS011;6189;52.527;13.390;2018-04-12T09:33:10;20.90;;;15.63;;
12253;SDS011;6189;52.527;13.390;2018-04-12T09:35:37;17.80;;;15.40;;
12253;SDS011;6189;52.527;13.390;2018-04-12T09:38:04;18.13;;;15.47;;
12253;SDS011;6189;52.527;13.390;2018-04-12T09:40:36;18.37;;;15.03;;
12253;SDS011;6189;52.527;13.390;2018-04-12T09:43:08;16.53;;;14.27;;
12253;SDS011;6189;52.527;13.390;2018-04-12T09:46:09;16.40;;;14.17;;
12253;SDS011;6189;52.527;13.390;2018-04-12T09:48:38;17.93;;;15.10;;
12253;SDS011;6189;52.527;13.390;2018-04-12T09:51:05;17.73;;;13.73;;
12253;SDS011;6189;52.527;13.390;2018-04-12T09:53:32;20.83;;;14.50;;
12253;SDS011;6189;52.527;13.390;2018-04-12T09:55:59;20.83;;;13.90;;
12253;SDS011;6189;52.527;13.390;2018-04-12T09:58:27;15.80;;;14.07;;
12253;SDS011;6189;52.527;13.390;2018-04-12T10:00:53;19.27;;;13.70;;
12253;SDS011;6189;52.527;13.390;2018-04-12T10:03:20;15.33;;;12.90;;
12253;SDS011;6189;52.527;13.390;2018-04-12T10:05:49;13.87;;;12.50;;
12253;SDS011;6189;52.527;13.390;2018-04-12T10:08:22;17.17;;;14.27;;
12253;SDS011;6189;52.527;13.390;2018-04-12T10:10:52;15.73;;;13.50;;
12253;SDS011;6189;52.527;13.390;2018-04-12T10:13:19;15.10;;;13.50;;
12253;SDS011;6189;52.527;13.390;2018-04-12T10:15:49;19.47;;;13.63;;
12253;SDS011;6189;52.527;13.390;2018-04-12T10:18:16;17.80;;;13.10;;
12253;SDS011;6189;52.527;13.390;2018-04-12T10:20:44;14.30;;;12.43;;
12253;SDS011;6189;52.527;13.390;2018-04-12T10:23:10;17.07;;;14.13;;
12253;SDS011;6189;52.527;13.390;2018-04-12T10:25:39;15.53;;;13.13;;
12253;SDS011;6189;52.527;13.390;2018-04-12T10:28:06;16.87;;;13.10;;
12253;SDS011;6189;52.527;13.390;2018-04-12T10:30:36;18.80;;;14.03;;
12253;SDS011;6189;52.527;13.390;2018-04-12T10:33:03;16.50;;;12.77;;
12253;SDS011;6189;52.527;13.390;2018-04-12T10:35:29;16.57;;;13.30;;
12253;SDS011;6189;52.527;13.390;2018-04-12T10:37:56;14.60;;;12.63;;
12253;SDS011;6189;52.527;13.390;2018-04-12T10:40:23;17.17;;;12.97;;
12253;SDS011;6189;52.527;13.390;2018-04-12T10:42:50;15.23;;;13.40;;
12253;SDS011;6189;52.527;13.390;2018-04-12T10:45:21;14.60;;;12.97;;
12253;SDS011;6189;52.527;13.390;2018-04-12T10:47:48;19.40;;;13.60;;
12253;SDS011;6189;52.527;13.390;2018-04-12T10:50:15;16.90;;;15.03;;
12253;SDS011;6189;52.527;13.390;2018-04-12T10:52:45;16.80;;;14.57;;
12253;SDS011;6189;52.527;13.390;2018-04-12T10:55:14;19.60;;;13.83;;
12253;SDS011;6189;52.527;13.390;2018-04-12T10:57:42;18.37;;;13.93;;
12253;SDS011;6189;52.527;13.390;2018-04-12T11:00:10;16.67;;;13.27;;
12253;SDS011;6189;52.527;13.390;2018-04-12T11:02:36;16.63;;;13.93;;
12253;SDS011;6189;52.527;13.390;2018-04-12T11:05:04;17.77;;;13.10;;
12253;SDS011;6189;52.527;13.390;2018-04-12T11:07:31;19.03;;;12.43;;
12253;SDS011;6189;52.527;13.390;2018-04-12T11:09:58;13.83;;;12.03;;
12253;SDS011;6189;52.527;13.390;2018-04-12T11:12:26;14.67;;;11.63;;
12253;SDS011;6189;52.527;13.390;2018-04-12T11:14:58;16.07;;;11.03;;
12253;SDS011;6189;52.527;13.390;2018-04-12T11:17:26;15.70;;;11.03;;
12253;SDS011;6189;52.527;13.390;2018-04-12T11:19:55;15.07;;;10.77;;
12253;SDS011;6189;52.527;13.390;2018-04-12T11:22:24;14.57;;;10.87;;
12253;SDS011;6189;52.527;13.390;2018-04-12T11:24:52;13.53;;;9.97;;
12253;SDS011;6189;52.527;13.390;2018-04-12T11:27:21;15.73;;;9.70;;
12253;SDS011;6189;52.527;13.390;2018-04-12T11:29:48;14.97;;;10.50;;
12253;SDS011;6189;52.527;13.390;2018-04-12T11:32:14;11.17;;;8.10;;
12253;SDS011;6189;52.527;13.390;2018-04-12T11:34:41;11.47;;;8.93;;
12253;SDS011;6189;52.527;13.390;2018-04-12T11:37:08;13.57;;;8.90;;
12253;SDS011;6189;52.527;13.390;2018-04-12T11:39:38;16.13;;;8.67;;
12253;SDS011;6189;52.527;13.390;2018-04-12T11:42:05;13.30;;;8.13;;
12253;SDS011;6189;52.527;13.390;2018-04-12T11:44:32;14.00;;;7.23;;
12253;SDS011;6189;52.527;13.390;2018-04-12T11:47:00;7.00;;;6.27;;
12253;SDS011;6189;52.527;13.390;2018-04-12T11:49:27;10.30;;;5.83;;
12253;SDS011;6189;52.527;13.390;2018-04-12T11:51:55;10.10;;;6.67;;
12253;SDS011;6189;52.527;13.390;2018-04-12T11:54:22;10.73;;;6.83;;
12253;SDS011;6189;52.527;13.390;2018-04-12T11:56:51;9.73;;;6.40;;
12253;SDS011;6189;52.527;13.390;2018-04-12T11:59:19;9.10;;;6.00;;
12253;SDS011;6189;52.527;13.390;2018-04-12T12:01:46;8.30;;;5.53;;
12253;SDS011;6189;52.527;13.390;2018-04-12T12:04:13;11.90;;;6.10;;
12253;SDS011;6189;52.527;13.390;2018-04-12T12:06:40;13.40;;;6.60;;
12253;SDS011;6189;52.527;13.390;2018-04-12T12:09:07;8.57;;;6.13;;
12253;SDS011;6189;52.527;13.390;2018-04-12T12:11:34;16.83;;;6.70;;
12253;SDS011;6189;52.527;13.390;2018-04-12T12:14:01;13.03;;;6.67;;
12253;SDS011;6189;52.527;13.390;2018-04-12T12:16:28;10.17;;;6.50;;
12253;SDS011;6189;52.527;13.390;2018-04-12T12:18:54;13.23;;;7.40;;
12253;SDS011;6189;52.527;13.390;2018-04-12T12:21:21;9.80;;;7.27;;
12253;SDS011;6189;52.527;13.390;2018-04-12T12:23:48;9.83;;;6.57;;
12253;SDS011;6189;52.527;13.390;2018-04-12T12:26:18;10.83;;;7.00;;
12253;SDS011;6189;52.527;13.390;2018-04-12T12:28:45;9.43;;;6.67;;
12253;SDS011;6189;52.527;13.390;2018-04-12T12:31:12;12.53;;;7.83;;
12253;SDS011;6189;52.527;13.390;2018-04-12T12:33:39;10.87;;;7.50;;
12253;SDS011;6189;52.527;13.390;2018-04-12T12:36:06;10.27;;;6.67;;
12253;SDS011;6189;52.527;13.390;2018-04-12T12:41:05;8.07;;;5.70;;
12253;SDS011;6189;52.527;13.390;2018-04-12T12:43:33;8.50;;;5.70;;
12253;SDS011;6189;52.527;13.390;2018-04-12T12:46:00;14.33;;;5.93;;
12253;SDS011;6189;52.527;13.390;2018-04-12T12:48:26;10.20;;;6.03;;
12253;SDS011;6189;52.527;13.390;2018-04-12T12:50:53;11.53;;;5.70;;
12253;SDS011;6189;52.527;13.390;2018-04-12T12:58:25;8.17;;;6.03;;
12253;SDS011;6189;52.527;13.390;2018-04-12T13:00:57;12.57;;;5.50;;
12253;SDS011;6189;52.527;13.390;2018-04-12T13:03:25;9.43;;;6.10;;
12253;SDS011;6189;52.527;13.390;2018-04-12T13:05:57;11.07;;;6.67;;
12253;SDS011;6189;52.527;13.390;2018-04-12T13:08:24;9.90;;;6.40;;
12253;SDS011;6189;52.527;13.390;2018-04-12T13:10:51;13.07;;;6.80;;
12253;SDS011;6189;52.527;13.390;2018-04-12T13:13:18;9.17;;;6.17;;
12253;SDS011;6189;52.527;13.390;2018-04-12T13:15:45;11.03;;;6.67;;
12253;SDS011;6189;52.527;13.390;2018-04-12T13:18:11;14.67;;;7.07;;
12253;SDS011;6189;52.527;13.390;2018-04-12T13:20:39;13.43;;;6.93;;
12253;SDS011;6189;52.527;13.390;2018-04-12T13:23:11;10.67;;;7.63;;
12253;SDS011;6189;52.527;13.390;2018-04-12T13:25:38;13.17;;;6.00;;
12253;SDS011;6189;52.527;13.390;2018-04-12T13:28:04;10.63;;;6.23;;
12253;SDS011;6189;52.527;13.390;2018-04-12T13:30:32;15.27;;;7.17;;
12253;SDS011;6189;52.527;13.390;2018-04-12T13:35:32;10.40;;;6.90;;
12253;SDS011;6189;52.527;13.390;2018-04-12T13:37:58;10.23;;;7.37;;
12253;SDS011;6189;52.527;13.390;2018-04-12T13:40:28;14.20;;;7.63;;
12253;SDS011;6189;52.527;13.390;2018-04-12T13:42:54;10.13;;;7.40;;
12253;SDS011;6189;52.527;13.390;2018-04-12T13:45:22;12.53;;;7.13;;
12253;SDS011;6189;52.527;13.390;2018-04-12T13:47:58;15.30;;;7.27;;
12253;SDS011;6189;52.527;13.390;2018-04-12T13:50:27;10.43;;;6.43;;
12253;SDS011;6189;52.527;13.390;2018-04-12T13:53:00;10.97;;;7.07;;
12253;SDS011;6189;52.527;13.390;2018-04-12T13:55:27;15.20;;;7.43;;
12253;SDS011;6189;52.527;13.390;2018-04-12T13:57:54;10.23;;;7.10;;
12253;SDS011;6189;52.527;13.390;2018-04-12T14:00:21;10.60;;;6.37;;
12253;SDS011;6189;52.527;13.390;2018-04-12T14:02:48;12.10;;;7.03;;
12253;SDS011;6189;52.527;13.390;2018-04-12T14:05:20;11.63;;;5.87;;
12253;SDS011;6189;52.527;13.390;2018-04-12T14:07:53;12.67;;;7.67;;
12253;SDS011;6189;52.527;13.390;2018-04-12T14:10:22;15.03;;;7.33;;
12253;SDS011;6189;52.527;13.390;2018-04-12T14:12:48;10.77;;;7.00;;
12253;SDS011;6189;52.527;13.390;2018-04-12T14:15:22;12.63;;;7.40;;
12253;SDS011;6189;52.527;13.390;2018-04-12T14:17:48;12.80;;;7.87;;
12253;SDS011;6189;52.527;13.390;2018-04-12T14:22:47;11.00;;;7.67;;
12253;SDS011;6189;52.527;13.390;2018-04-12T14:27:58;13.00;;;7.60;;
12253;SDS011;6189;52.527;13.390;2018-04-12T14:30:26;17.10;;;8.03;;
12253;SDS011;6189;52.527;13.390;2018-04-12T14:32:53;14.30;;;7.97;;
12253;SDS011;6189;52.527;13.390;2018-04-12T14:35:20;21.33;;;8.00;;
12253;SDS011;6189;52.527;13.390;2018-04-12T14:40:27;13.27;;;7.67;;
12253;SDS011;6189;52.527;13.390;2018-04-12T14:45:26;14.93;;;7.27;;
12253;SDS011;6189;52.527;13.390;2018-04-12T14:47:52;11.70;;;7.40;;
12253;SDS011;6189;52.527;13.390;2018-04-12T14:50:19;12.03;;;7.30;;
12253;SDS011;6189;52.527;13.390;2018-04-12T14:52:46;12.23;;;7.80;;
12253;SDS011;6189;52.527;13.390;2018-04-12T14:57:45;14.37;;;7.40;;
12253;SDS011;6189;52.527;13.390;2018-04-12T15:00:17;16.73;;;7.40;;
12253;SDS011;6189;52.527;13.390;2018-04-12T15:02:44;10.03;;;7.10;;
12253;SDS011;6189;52.527;13.390;2018-04-12T15:05:22;15.67;;;7.67;;
12253;SDS011;6189;52.527;13.390;2018-04-12T15:07:54;12.33;;;7.83;;
12253;SDS011;6189;52.527;13.390;2018-04-12T15:10:23;13.00;;;8.03;;
12253;SDS011;6189;52.527;13.390;2018-04-12T15:12:51;11.90;;;8.30;;
12253;SDS011;6189;52.527;13.390;2018-04-12T15:15:17;13.90;;;10.10;;
12253;SDS011;6189;52.527;13.390;2018-04-12T15:17:44;11.23;;;9.77;;
12253;SDS011;6189;52.527;13.390;2018-04-12T15:20:17;10.30;;;8.30;;
12253;SDS011;6189;52.527;13.390;2018-04-12T15:25:18;18.80;;;10.37;;
12253;SDS011;6189;52.527;13.390;2018-04-12T15:27:44;18.70;;;10.83;;
12253;SDS011;6189;52.527;13.390;2018-04-12T15:30:11;16.33;;;11.13;;
12253;SDS011;6189;52.527;13.390;2018-04-12T15:32:38;12.13;;;10.10;;
12253;SDS011;6189;52.527;13.390;2018-04-12T15:35:10;18.27;;;10.57;;
12253;SDS011;6189;52.527;13.390;2018-04-12T15:37:37;16.57;;;10.27;;
12253;SDS011;6189;52.527;13.390;2018-04-12T15:40:04;13.87;;;11.00;;
12253;SDS011;6189;52.527;13.390;2018-04-12T15:42:42;17.47;;;10.53;;
12253;SDS011;6189;52.527;13.390;2018-04-12T15:45:09;15.83;;;9.30;;
12253;SDS011;6189;52.527;13.390;2018-04-12T15:47:35;13.73;;;10.20;;
12253;SDS011;6189;52.527;13.390;2018-04-12T15:50:03;12.13;;;10.20;;
12253;SDS011;6189;52.527;13.390;2018-04-12T15:52:29;14.53;;;9.47;;
12253;SDS011;6189;52.527;13.390;2018-04-12T15:54:57;17.80;;;11.07;;
12253;SDS011;6189;52.527;13.390;2018-04-12T15:57:30;15.80;;;10.03;;
12253;SDS011;6189;52.527;13.390;2018-04-12T15:59:56;17.77;;;11.90;;
12253;SDS011;6189;52.527;13.390;2018-04-12T16:02:23;22.17;;;12.30;;
12253;SDS011;6189;52.527;13.390;2018-04-12T16:04:55;18.17;;;12.00;;
12253;SDS011;6189;52.527;13.390;2018-04-12T16:07:23;20.77;;;12.93;;
12253;SDS011;6189;52.527;13.390;2018-04-12T16:09:50;18.23;;;11.50;;
12253;SDS011;6189;52.527;13.390;2018-04-12T16:12:22;18.67;;;13.50;;
12253;SDS011;6189;52.527;13.390;2018-04-12T16:14:49;16.77;;;12.40;;
12253;SDS011;6189;52.527;13.390;2018-04-12T16:19:50;16.27;;;11.57;;
12253;SDS011;6189;52.527;13.390;2018-04-12T16:22:22;15.33;;;12.90;;
12253;SDS011;6189;52.527;13.390;2018-04-12T16:24:49;18.63;;;11.83;;
12253;SDS011;6189;52.527;13.390;2018-04-12T16:27:16;19.37;;;14.97;;
12253;SDS011;6189;52.527;13.390;2018-04-12T16:29:48;19.77;;;16.43;;
12253;SDS011;6189;52.527;13.390;2018-04-12T16:32:15;19.67;;;15.07;;
12253;SDS011;6189;52.527;13.390;2018-04-12T16:34:42;30.67;;;15.70;;
12253;SDS011;6189;52.527;13.390;2018-04-12T16:37:14;25.27;;;17.87;;
12253;SDS011;6189;52.527;13.390;2018-04-12T16:39:42;22.20;;;14.53;;
12253;SDS011;6189;52.527;13.390;2018-04-12T16:45:00;22.67;;;15.03;;
12253;SDS011;6189;52.527;13.390;2018-04-12T16:47:27;21.77;;;14.43;;
12253;SDS011;6189;52.527;13.390;2018-04-12T16:49:54;18.20;;;15.07;;
12253;SDS011;6189;52.527;13.390;2018-04-12T16:52:21;18.50;;;14.53;;
12253;SDS011;6189;52.527;13.390;2018-04-12T16:54:54;17.33;;;14.43;;
12253;SDS011;6189;52.527;13.390;2018-04-12T16:57:21;19.53;;;14.80;;
12253;SDS011;6189;52.527;13.390;2018-04-12T17:04:53;18.90;;;15.07;;
12253;SDS011;6189;52.527;13.390;2018-04-12T17:07:27;16.80;;;14.23;;
12253;SDS011;6189;52.527;13.390;2018-04-12T17:09:53;17.80;;;14.47;;
12253;SDS011;6189;52.527;13.390;2018-04-12T17:12:20;23.63;;;15.87;;
12253;SDS011;6189;52.527;13.390;2018-04-12T17:14:58;19.03;;;15.77;;
12253;SDS011;6189;52.527;13.390;2018-04-12T17:17:25;17.20;;;15.33;;
12253;SDS011;6189;52.527;13.390;2018-04-12T17:22:30;18.47;;;13.80;;
12253;SDS011;6189;52.527;13.390;2018-04-12T17:25:03;17.60;;;14.73;;
12253;SDS011;6189;52.527;13.390;2018-04-12T17:30:03;21.43;;;16.33;;
12253;SDS011;6189;52.527;13.390;2018-04-12T17:35:03;19.00;;;15.60;;
12253;SDS011;6189;52.527;13.390;2018-04-12T17:40:03;23.90;;;16.23;;
12253;SDS011;6189;52.527;13.390;2018-04-12T17:42:36;21.37;;;16.23;;
12253;SDS011;6189;52.527;13.390;2018-04-12T17:45:03;21.43;;;14.87;;
12253;SDS011;6189;52.527;13.390;2018-04-12T17:47:31;20.13;;;15.70;;
12253;SDS011;6189;52.527;13.390;2018-04-12T17:49:58;21.73;;;17.47;;
12253;SDS011;6189;52.527;13.390;2018-04-12T17:52:26;22.73;;;18.27;;
12253;SDS011;6189;52.527;13.390;2018-04-12T17:54:52;26.93;;;17.83;;
12253;SDS011;6189;52.527;13.390;2018-04-12T17:57:19;19.53;;;16.33;;
12253;SDS011;6189;52.527;13.390;2018-04-12T17:59:45;25.10;;;18.97;;
12253;SDS011;6189;52.527;13.390;2018-04-12T18:02:13;21.17;;;17.23;;
12253;SDS011;6189;52.527;13.390;2018-04-12T18:07:12;21.40;;;18.63;;
12253;SDS011;6189;52.527;13.390;2018-04-12T18:09:39;20.40;;;18.20;;
12253;SDS011;6189;52.527;13.390;2018-04-12T18:12:08;23.40;;;19.23;;
12253;SDS011;6189;52.527;13.390;2018-04-12T18:14:36;21.60;;;18.67;;
12253;SDS011;6189;52.527;13.390;2018-04-12T18:17:05;29.33;;;23.20;;
12253;SDS011;6189;52.527;13.390;2018-04-12T18:19:35;36.60;;;28.83;;
12253;SDS011;6189;52.527;13.390;2018-04-12T18:22:07;29.23;;;22.43;;
12253;SDS011;6189;52.527;13.390;2018-04-12T18:27:10;24.53;;;21.07;;
12253;SDS011;6189;52.527;13.390;2018-04-12T18:29:39;26.33;;;19.93;;
12253;SDS011;6189;52.527;13.390;2018-04-12T18:32:07;27.17;;;21.70;;
12253;SDS011;6189;52.527;13.390;2018-04-12T18:34:40;22.47;;;20.20;;
12253;SDS011;6189;52.527;13.390;2018-04-12T18:37:08;24.63;;;21.93;;
12253;SDS011;6189;52.527;13.390;2018-04-12T18:39:35;28.43;;;22.10;;
12253;SDS011;6189;52.527;13.390;2018-04-12T18:42:02;25.80;;;20.87;;
12253;SDS011;6189;52.527;13.390;2018-04-12T18:49:47;27.83;;;21.60;;
12253;SDS011;6189;52.527;13.390;2018-04-12T18:52:14;28.47;;;20.70;;
12253;SDS011;6189;52.527;13.390;2018-04-12T18:54:47;30.23;;;22.57;;
12253;SDS011;6189;52.527;13.390;2018-04-12T18:57:13;28.63;;;21.13;;
12253;SDS011;6189;52.527;13.390;2018-04-12T18:59:47;25.17;;;21.63;;
12253;SDS011;6189;52.527;13.390;2018-04-12T19:02:14;27.20;;;22.30;;
12253;SDS011;6189;52.527;13.390;2018-04-12T19:04:47;26.00;;;21.13;;
12253;SDS011;6189;52.527;13.390;2018-04-12T19:07:18;28.47;;;21.97;;
12253;SDS011;6189;52.527;13.390;2018-04-12T19:09:48;25.17;;;20.03;;
12253;SDS011;6189;52.527;13.390;2018-04-12T19:12:19;30.37;;;23.93;;
12253;SDS011;6189;52.527;13.390;2018-04-12T19:14:46;30.17;;;23.10;;
12253;SDS011;6189;52.527;13.390;2018-04-12T19:17:19;26.77;;;22.37;;
12253;SDS011;6189;52.527;13.390;2018-04-12T19:19:46;27.43;;;21.23;;
12253;SDS011;6189;52.527;13.390;2018-04-12T19:22:13;29.43;;;23.07;;
12253;SDS011;6189;52.527;13.390;2018-04-12T19:24:53;24.37;;;21.77;;
12253;SDS011;6189;52.527;13.390;2018-04-12T19:27:26;26.20;;;23.40;;
12253;SDS011;6189;52.527;13.390;2018-04-12T19:29:53;26.27;;;23.47;;
12253;SDS011;6189;52.527;13.390;2018-04-12T19:32:20;26.50;;;22.73;;
12253;SDS011;6189;52.527;13.390;2018-04-12T19:37:21;28.43;;;24.23;;
12253;SDS011;6189;52.527;13.390;2018-04-12T19:39:55;28.20;;;23.53;;
12253;SDS011;6189;52.527;13.390;2018-04-12T19:42:22;26.57;;;23.37;;
12253;SDS011;6189;52.527;13.390;2018-04-12T19:44:51;26.57;;;23.27;;
12253;SDS011;6189;52.527;13.390;2018-04-12T19:47:26;30.03;;;24.83;;
12253;SDS011;6189;52.527;13.390;2018-04-12T19:49:53;28.77;;;24.57;;
12253;SDS011;6189;52.527;13.390;2018-04-12T19:52:20;31.50;;;25.20;;
12253;SDS011;6189;52.527;13.390;2018-04-12T19:54:48;29.27;;;24.50;;
12253;SDS011;6189;52.527;13.390;2018-04-12T19:57:14;27.93;;;24.23;;
12253;SDS011;6189;52.527;13.390;2018-04-12T19:59:41;29.33;;;25.33;;
12253;SDS011;6189;52.527;13.390;2018-04-12T20:02:08;36.57;;;29.03;;
12253;SDS011;6189;52.527;13.390;2018-04-12T20:04:35;36.53;;;32.77;;
12253;SDS011;6189;52.527;13.390;2018-04-12T20:07:02;30.50;;;27.30;;
12253;SDS011;6189;52.527;13.390;2018-04-12T20:09:35;29.30;;;26.20;;
12253;SDS011;6189;52.527;13.390;2018-04-12T20:12:09;30.70;;;25.13;;
12253;SDS011;6189;52.527;13.390;2018-04-12T20:14:41;31.67;;;23.97;;
12253;SDS011;6189;52.527;13.390;2018-04-12T20:19:47;31.93;;;28.40;;
12253;SDS011;6189;52.527;13.390;2018-04-12T20:22:19;27.73;;;24.83;;
12253;SDS011;6189;52.527;13.390;2018-04-12T20:24:46;32.37;;;28.17;;
12253;SDS011;6189;52.527;13.390;2018-04-12T20:27:13;34.33;;;28.50;;
12253;SDS011;6189;52.527;13.390;2018-04-12T20:29:42;31.63;;;28.13;;
12253;SDS011;6189;52.527;13.390;2018-04-12T20:32:15;31.47;;;28.10;;
12253;SDS011;6189;52.527;13.390;2018-04-12T20:34:42;36.53;;;29.97;;
12253;SDS011;6189;52.527;13.390;2018-04-12T20:37:09;31.30;;;27.90;;
12253;SDS011;6189;52.527;13.390;2018-04-12T20:39:42;41.07;;;30.47;;
12253;SDS011;6189;52.527;13.390;2018-04-12T20:42:14;34.57;;;31.03;;
12253;SDS011;6189;52.527;13.390;2018-04-12T20:44:42;33.63;;;30.03;;
12253;SDS011;6189;52.527;13.390;2018-04-12T20:47:10;37.70;;;32.80;;
12253;SDS011;6189;52.527;13.390;2018-04-12T20:49:38;33.70;;;28.77;;
12253;SDS011;6189;52.527;13.390;2018-04-12T20:52:10;35.63;;;31.70;;
12253;SDS011;6189;52.527;13.390;2018-04-12T20:54:37;34.03;;;30.33;;
12253;SDS011;6189;52.527;13.390;2018-04-12T20:57:04;31.17;;;27.87;;
12253;SDS011;6189;52.527;13.390;2018-04-12T20:59:36;35.33;;;30.03;;
12253;SDS011;6189;52.527;13.390;2018-04-12T21:02:05;34.77;;;30.97;;
12253;SDS011;6189;52.527;13.390;2018-04-12T21:04:38;33.00;;;29.03;;
12253;SDS011;6189;52.527;13.390;2018-04-12T21:07:04;36.30;;;30.77;;
12253;SDS011;6189;52.527;13.390;2018-04-12T21:09:32;35.07;;;30.47;;
12253;SDS011;6189;52.527;13.390;2018-04-12T21:11:58;35.00;;;31.17;;
12253;SDS011;6189;52.527;13.390;2018-04-12T21:14:31;34.07;;;30.47;;
12253;SDS011;6189;52.527;13.390;2018-04-12T21:16:57;33.57;;;29.67;;
12253;SDS011;6189;52.527;13.390;2018-04-12T21:19:24;36.60;;;32.17;;
12253;SDS011;6189;52.527;13.390;2018-04-12T21:21:50;34.27;;;30.47;;
12253;SDS011;6189;52.527;13.390;2018-04-12T21:26:49;35.53;;;31.73;;
12253;SDS011;6189;52.527;13.390;2018-04-12T21:29:22;35.53;;;31.40;;
12253;SDS011;6189;52.527;13.390;2018-04-12T21:34:22;37.87;;;31.77;;
12253;SDS011;6189;52.527;13.390;2018-04-12T21:36:48;36.50;;;32.13;;
12253;SDS011;6189;52.527;13.390;2018-04-12T21:39:21;38.07;;;32.03;;
12253;SDS011;6189;52.527;13.390;2018-04-12T21:41:48;33.43;;;30.00;;
12253;SDS011;6189;52.527;13.390;2018-04-12T21:44:15;39.97;;;32.90;;
12253;SDS011;6189;52.527;13.390;2018-04-12T21:46:43;34.17;;;28.87;;
12253;SDS011;6189;52.527;13.390;2018-04-12T21:49:11;36.27;;;32.33;;
12253;SDS011;6189;52.527;13.390;2018-04-12T21:51:38;48.83;;;39.17;;
12253;SDS011;6189;52.527;13.390;2018-04-12T21:56:42;41.83;;;35.53;;
12253;SDS011;6189;52.527;13.390;2018-04-12T21:59:16;39.03;;;34.23;;
12253;SDS011;6189;52.527;13.390;2018-04-12T22:01:42;40.43;;;35.83;;
12253;SDS011;6189;52.527;13.390;2018-04-12T22:04:09;35.73;;;31.77;;
12253;SDS011;6189;52.527;13.390;2018-04-12T22:06:35;38.37;;;33.43;;
12253;SDS011;6189;52.527;13.390;2018-04-12T22:09:04;38.63;;;33.57;;
12253;SDS011;6189;52.527;13.390;2018-04-12T22:11:29;36.13;;;32.33;;
12253;SDS011;6189;52.527;13.390;2018-04-12T22:13:56;39.70;;;32.77;;
12253;SDS011;6189;52.527;13.390;2018-04-12T22:16:23;37.57;;;33.63;;
12253;SDS011;6189;52.527;13.390;2018-04-12T22:18:55;36.47;;;32.63;;
12253;SDS011;6189;52.527;13.390;2018-04-12T22:21:28;38.80;;;34.17;;
12253;SDS011;6189;52.527;13.390;2018-04-12T22:23:57;38.13;;;33.90;;
12253;SDS011;6189;52.527;13.390;2018-04-12T22:26:23;37.83;;;33.90;;
12253;SDS011;6189;52.527;13.390;2018-04-12T22:28:50;38.53;;;34.33;;
12253;SDS011;6189;52.527;13.390;2018-04-12T22:31:23;39.20;;;34.97;;
12253;SDS011;6189;52.527;13.390;2018-04-12T22:33:50;41.20;;;33.10;;
12253;SDS011;6189;52.527;13.390;2018-04-12T22:38:49;41.23;;;34.00;;
12253;SDS011;6189;52.527;13.390;2018-04-12T22:41:17;38.20;;;34.00;;
12253;SDS011;6189;52.527;13.390;2018-04-12T22:43:50;38.83;;;35.00;;
12253;SDS011;6189;52.527;13.390;2018-04-12T22:46:17;38.93;;;34.80;;
12253;SDS011;6189;52.527;13.390;2018-04-12T22:48:49;36.93;;;33.03;;
12253;SDS011;6189;52.527;13.390;2018-04-12T22:53:49;40.73;;;34.60;;
12253;SDS011;6189;52.527;13.390;2018-04-12T22:58:51;39.87;;;35.47;;
12253;SDS011;6189;52.527;13.390;2018-04-12T23:06:24;41.30;;;35.30;;
12253;SDS011;6189;52.527;13.390;2018-04-12T23:08:51;38.93;;;34.37;;
12253;SDS011;6189;52.527;13.390;2018-04-12T23:11:18;40.33;;;34.00;;
12253;SDS011;6189;52.527;13.390;2018-04-12T23:13:51;39.90;;;35.27;;
12253;SDS011;6189;52.527;13.390;2018-04-12T23:16:23;39.87;;;35.57;;
12253;SDS011;6189;52.527;13.390;2018-04-12T23:18:50;40.37;;;35.00;;
12253;SDS011;6189;52.527;13.390;2018-04-12T23:21:17;42.53;;;34.83;;
12253;SDS011;6189;52.527;13.390;2018-04-12T23:23:43;37.90;;;34.03;;
12253;SDS011;6189;52.527;13.390;2018-04-12T23:26:10;38.80;;;34.70;;
12253;SDS011;6189;52.527;13.390;2018-04-12T23:28:37;39.77;;;35.63;;
12253;SDS011;6189;52.527;13.390;2018-04-12T23:31:04;37.13;;;33.10;;
12253;SDS011;6189;52.527;13.390;2018-04-12T23:33:31;43.10;;;37.57;;
12253;SDS011;6189;52.527;13.390;2018-04-12T23:38:31;39.13;;;34.23;;
12253;SDS011;6189;52.527;13.390;2018-04-12T23:40:58;38.80;;;34.80;;
12253;SDS011;6189;52.527;13.390;2018-04-12T23:43:25;41.40;;;36.43;;
12253;SDS011;6189;52.527;13.390;2018-04-12T23:45:52;41.03;;;35.00;;
12253;SDS011;6189;52.527;13.390;2018-04-12T23:48:25;37.70;;;33.60;;
12253;SDS011;6189;52.527;13.390;2018-04-12T23:53:31;38.97;;;34.97;;
12253;SDS011;6189;52.527;13.390;2018-04-12T23:55:58;38.97;;;34.90;;
12253;SDS011;6189;52.527;13.390;2018-04-12T23:58:31;40.33;;;36.17;;
